year,CTYNAME,CHN_1,CHN_2,CHN_3,CHN_4,CHN_5,CHN_6,CHN_7,CHN_8,CHN_9,CHN_10,CHN_11,CHN_12,USA_1,USA_2,USA_3,USA_4,USA_5,USA_6,USA_7,USA_8,USA_9,USA_10,USA_11,USA_12
2010,Afghanistan,288 ,136 ,542 ,159 ,68 ,57 ,108 ,60 ,147 ,86 ,131 ,231 ,9908 ,10542 ,3022 ,3745 ,5141 ,5562 ,6365 ,11335 ,11615 ,8801 ,7912 ,10836 
2010,Egypt,47 ,59 ,41 ,31 ,47 ,69 ,48 ,44 ,110 ,73 ,24 ,125 ,1652 ,944 ,306 ,611 ,704 ,717 ,905 ,1845 ,2956 ,1285 ,1720 ,1888 
2010,Pakistan,857 ,621 ,97 ,294 ,257 ,481 ,1308 ,1074 ,1338 ,407 ,649 ,4303 ,7644 ,7277 ,2973 ,2718 ,5463 ,2923 ,3538 ,7659 ,7583 ,8210 ,5488 ,5905 
2010,Palestine,40 ,16 ,10 ,28 ,54 ,51 ,6 ,11 ,20 ,49 ,51 ,29 ,1780 ,1075 ,1164 ,984 ,1343 ,1724 ,1225 ,3200 ,5750 ,1507 ,1845 ,2970 
2010,Belarus,29 ,10 ,189 ,14 ,29 ,24 ,30 ,37 ,103 ,118 ,11 ,77 ,52 ,22 ,26 ,91 ,29 ,77 ,50 ,76 ,51 ,35 ,74 ,710 
2010,Russia,1116 ,896 ,1247 ,981 ,1230 ,1211 ,658 ,937 ,4083 ,1328 ,3985 ,2503 ,4613 ,4901 ,2790 ,5888 ,2771 ,5881 ,8004 ,6615 ,6354 ,5467 ,8882 ,10164 
2010,Philippines,207 ,311 ,62 ,126 ,121 ,169 ,145 ,2088 ,869 ,458 ,342 ,860 ,1176 ,1001 ,214 ,387 ,423 ,455 ,521 ,1700 ,1899 ,831 ,1346 ,1355 
2010,Kazakhstan,102 ,127 ,24 ,74 ,113 ,259 ,50 ,44 ,268 ,63 ,227 ,437 ,78 ,108 ,38 ,377 ,41 ,33 ,60 ,161 ,263 ,193 ,513 ,301 
2010,Czech,80 ,12 ,,5 ,4 ,11 ,10 ,3 ,2 ,52 ,23 ,17 ,257 ,222 ,251 ,844 ,139 ,67 ,166 ,261 ,354 ,252 ,254 ,543 
2010,Malaysia,436 ,617 ,120 ,319 ,136 ,96 ,128 ,354 ,435 ,368 ,358 ,242 ,800 ,416 ,180 ,477 ,224 ,184 ,180 ,402 ,612 ,459 ,1089 ,494 
2010,Mongolia,47 ,64 ,7 ,156 ,163 ,174 ,47 ,156 ,89 ,143 ,22 ,136 ,63 ,38 ,13 ,21 ,13 ,14 ,45 ,67 ,26 ,40 ,26 ,34 
2010,Burma,147 ,127 ,56 ,133 ,96 ,458 ,216 ,178 ,1239 ,164 ,449 ,250 ,359 ,527 ,224 ,89 ,305 ,272 ,178 ,314 ,327 ,317 ,1107 ,405 
2010,Saudi Arabia,328 ,186 ,39 ,97 ,58 ,29 ,57 ,46 ,58 ,192 ,133 ,255 ,1099 ,1738 ,257 ,395 ,336 ,707 ,470 ,1288 ,1380 ,1215 ,2181 ,1481 
2010,Sri Lanka,63 ,97 ,22 ,63 ,58 ,98 ,62 ,229 ,277 ,198 ,304 ,152 ,531 ,499 ,110 ,150 ,145 ,164 ,235 ,397 ,454 ,160 ,205 ,247 
2010,Tajikistan,96 ,40 ,13 ,117 ,34 ,93 ,28 ,40 ,31 ,39 ,311 ,41 ,82 ,84 ,23 ,61 ,24 ,25 ,63 ,70 ,180 ,27 ,51 ,63 
2010,Thailand,233 ,250 ,81 ,234 ,98 ,64 ,104 ,260 ,266 ,244 ,483 ,296 ,414 ,553 ,179 ,739 ,580 ,195 ,280 ,1445 ,845 ,628 ,868 ,544 
2010,Ukraine,10 ,74 ,1 ,48 ,84 ,28 ,41 ,76 ,570 ,27 ,30 ,104 ,417 ,652 ,75 ,484 ,145 ,90 ,428 ,330 ,607 ,336 ,313 ,490 
2010,Uzbekistan,86 ,54 ,12 ,103 ,114 ,397 ,29 ,118 ,25 ,21 ,32 ,45 ,128 ,121 ,19 ,61 ,45 ,236 ,74 ,99 ,124 ,165 ,140 ,167 
2010,Singapore,203 ,186 ,54 ,152 ,107 ,80 ,226 ,322 ,415 ,270 ,506 ,255 ,197 ,268 ,102 ,221 ,155 ,191 ,184 ,367 ,423 ,289 ,511 ,353 
2010,Syria,8 ,10 ,,17 ,11 ,15 ,6 ,8 ,61 ,84 ,172 ,34 ,620 ,1610 ,149 ,862 ,685 ,157 ,280 ,419 ,1622 ,653 ,531 ,599 
2010,Yemen,70 ,23 ,10 ,20 ,161 ,10 ,28 ,13 ,35 ,40 ,48 ,71 ,6566 ,825 ,262 ,306 ,425 ,317 ,300 ,684 ,1245 ,2470 ,2690 ,985 
2010,Iraq,85 ,108 ,19 ,21 ,54 ,15 ,6 ,44 ,67 ,33 ,75 ,187 ,5831 ,3960 ,1570 ,2403 ,1440 ,1555 ,3198 ,12978 ,9943 ,4890 ,4917 ,4240 
2010,Iran,1020 ,1198 ,587 ,1257 ,383 ,628 ,329 ,514 ,720 ,400 ,655 ,879 ,4852 ,7133 ,1690 ,3624 ,3891 ,2041 ,3614 ,5641 ,14055 ,5019 ,5019 ,4687 
2010,Israel,88 ,169 ,77 ,51 ,126 ,142 ,64 ,89 ,159 ,218 ,187 ,149 ,4511 ,3784 ,5568 ,3940 ,3727 ,4237 ,4929 ,9099 ,10899 ,5569 ,8025 ,7927 
2010,India,395 ,180 ,27 ,264 ,245 ,71 ,131 ,498 ,485 ,443 ,462 ,1449 ,1264 ,1053 ,348 ,787 ,452 ,593 ,535 ,1209 ,1577 ,2052 ,4753 ,1247 
2010,Indonesia,330 ,330 ,95 ,374 ,147 ,66 ,124 ,246 ,248 ,489 ,517 ,225 ,587 ,1163 ,886 ,437 ,489 ,633 ,660 ,889 ,1363 ,1295 ,4707 ,568 
2010,Jordan,44 ,3 ,,13 ,20 ,10 ,30 ,34 ,51 ,46 ,77 ,38 ,1602 ,477 ,196 ,575 ,298 ,302 ,351 ,1116 ,1388 ,751 ,679 ,880 
2010,Vietnam,687 ,181 ,153 ,495 ,222 ,97 ,453 ,902 ,671 ,2027 ,498 ,657 ,852 ,701 ,277 ,478 ,671 ,548 ,907 ,2027 ,1299 ,1786 ,1213 ,964 
2011,Afghanistan,61 ,34 ,66 ,91 ,242 ,156 ,169 ,117 ,158 ,230 ,130 ,447 ,6772 ,5276 ,8096 ,9005 ,9921 ,13975 ,9898 ,10213 ,10449 ,8045 ,7895 ,4757 
2011,Egypt,437 ,776 ,112 ,131 ,152 ,87 ,126 ,119 ,81 ,95 ,153 ,45 ,7346 ,20595 ,4722 ,2826 ,3635 ,2637 ,2044 ,2419 ,2521 ,2495 ,4433 ,2272 
2011,Pakistan,634 ,358 ,526 ,680 ,2967 ,640 ,814 ,2155 ,1900 ,628 ,911 ,559 ,6110 ,12092 ,6845 ,6356 ,22964 ,8082 ,8243 ,5366 ,10794 ,6946 ,6507 ,5946 
2011,Palestine,16 ,20 ,121 ,20 ,22 ,102 ,44 ,100 ,233 ,40 ,62 ,39 ,1837 ,1609 ,1227 ,1656 ,4361 ,1987 ,1789 ,1336 ,6489 ,1885 ,1404 ,925 
2011,Belarus,17 ,30 ,22 ,24 ,48 ,101 ,55 ,30 ,343 ,25 ,57 ,55 ,358 ,229 ,190 ,190 ,239 ,110 ,81 ,220 ,159 ,83 ,70 ,117 
2011,Russia,1540 ,640 ,1525 ,1544 ,1115 ,3262 ,1362 ,1989 ,1364 ,2956 ,2197 ,1202 ,5138 ,4164 ,6520 ,4458 ,4683 ,4265 ,5614 ,5009 ,5320 ,4434 ,6202 ,4123 
2011,Philippines,307 ,1457 ,1814 ,626 ,618 ,2007 ,2399 ,1321 ,1157 ,444 ,740 ,833 ,1191 ,1079 ,1086 ,1381 ,1172 ,2762 ,1303 ,1058 ,1454 ,1331 ,2289 ,1269 
2011,Kazakhstan,40 ,346 ,142 ,218 ,131 ,1478 ,74 ,21 ,283 ,40 ,72 ,104 ,244 ,77 ,161 ,136 ,161 ,132 ,89 ,103 ,250 ,137 ,156 ,154 
2011,Czech,16 ,3 ,19 ,10 ,28 ,25 ,8 ,8 ,10 ,18 ,32 ,64 ,332 ,202 ,181 ,215 ,205 ,308 ,166 ,335 ,225 ,332 ,207 ,296 
2011,Malaysia,316 ,402 ,302 ,1611 ,354 ,358 ,416 ,314 ,702 ,344 ,258 ,286 ,566 ,580 ,393 ,362 ,383 ,479 ,523 ,351 ,566 ,274 ,394 ,293 
2011,Mongolia,74 ,145 ,76 ,59 ,241 ,402 ,181 ,411 ,109 ,45 ,146 ,13 ,24 ,61 ,110 ,61 ,63 ,165 ,76 ,334 ,89 ,37 ,21 ,14 
2011,Burma,100 ,115 ,207 ,409 ,689 ,416 ,111 ,178 ,181 ,806 ,639 ,756 ,222 ,271 ,201 ,284 ,378 ,589 ,485 ,303 ,445 ,453 ,2169 ,1856 
2011,Saudi Arabia,62 ,60 ,180 ,101 ,102 ,128 ,102 ,102 ,100 ,142 ,105 ,83 ,1673 ,2197 ,2052 ,2168 ,1498 ,1630 ,827 ,1218 ,1440 ,3999 ,1080 ,911 
2011,Sri Lanka,125 ,66 ,112 ,76 ,88 ,302 ,108 ,388 ,189 ,112 ,57 ,201 ,372 ,190 ,445 ,297 ,239 ,278 ,315 ,367 ,532 ,353 ,246 ,119 
2011,Tajikistan,132 ,22 ,17 ,79 ,89 ,136 ,19 ,125 ,68 ,6 ,38 ,23 ,47 ,30 ,27 ,76 ,27 ,99 ,52 ,41 ,64 ,284 ,53 ,25 
2011,Thailand,283 ,195 ,189 ,402 ,177 ,132 ,262 ,304 ,282 ,940 ,312 ,662 ,319 ,697 ,454 ,620 ,677 ,429 ,639 ,658 ,451 ,948 ,1209 ,689 
2011,Ukraine,13 ,32 ,26 ,369 ,56 ,1158 ,32 ,179 ,53 ,35 ,69 ,100 ,348 ,691 ,667 ,553 ,386 ,338 ,331 ,592 ,798 ,432 ,500 ,279 
2011,Uzbekistan,49 ,17 ,208 ,407 ,79 ,128 ,77 ,30 ,218 ,34 ,45 ,26 ,77 ,100 ,54 ,46 ,53 ,150 ,124 ,132 ,162 ,463 ,70 ,84 
2011,Singapore,80 ,168 ,207 ,313 ,250 ,600 ,363 ,183 ,210 ,144 ,263 ,135 ,308 ,299 ,449 ,264 ,263 ,544 ,287 ,287 ,462 ,275 ,448 ,206 
2011,Syria,40 ,5 ,83 ,156 ,125 ,325 ,103 ,346 ,211 ,937 ,549 ,360 ,836 ,594 ,1981 ,4762 ,3546 ,2811 ,4709 ,8165 ,2699 ,2938 ,3647 ,3435 
2011,Yemen,99 ,77 ,83 ,37 ,50 ,34 ,95 ,22 ,60 ,73 ,65 ,44 ,1130 ,1336 ,2451 ,1534 ,1726 ,1946 ,1322 ,477 ,1333 ,1862 ,920 ,859 
2011,Iraq,42 ,39 ,41 ,33 ,43 ,92 ,513 ,72 ,82 ,53 ,27 ,60 ,4960 ,3261 ,4076 ,5749 ,4522 ,5042 ,6068 ,5482 ,5932 ,7056 ,5750 ,12175 
2011,Iran,899 ,293 ,261 ,347 ,524 ,717 ,573 ,271 ,449 ,253 ,911 ,496 ,5397 ,4035 ,3043 ,2391 ,3440 ,2937 ,3673 ,3800 ,9232 ,8743 ,6801 ,7818 
2011,Israel,103 ,56 ,178 ,132 ,62 ,322 ,233 ,737 ,220 ,131 ,122 ,52 ,5689 ,4853 ,4745 ,5277 ,10679 ,5641 ,4877 ,4741 ,10821 ,4391 ,5060 ,3427 
2011,India,285 ,200 ,256 ,355 ,178 ,280 ,241 ,136 ,266 ,210 ,421 ,162 ,862 ,962 ,1168 ,1044 ,1641 ,1313 ,1859 ,950 ,1423 ,643 ,780 ,475 
2011,Indonesia,151 ,155 ,185 ,1002 ,567 ,409 ,800 ,186 ,233 ,149 ,742 ,165 ,563 ,565 ,803 ,763 ,862 ,561 ,1681 ,787 ,877 ,745 ,2253 ,474 
2011,Jordan,46 ,36 ,14 ,39 ,13 ,89 ,39 ,28 ,44 ,39 ,32 ,12 ,908 ,1362 ,1187 ,1131 ,1267 ,739 ,1122 ,815 ,1002 ,592 ,651 ,471 
2011,Vietnam,280 ,165 ,295 ,502 ,499 ,2755 ,1112 ,710 ,908 ,1254 ,666 ,715 ,1292 ,860 ,1238 ,1266 ,1051 ,1202 ,1538 ,1057 ,1180 ,784 ,1390 ,508 
2012,Afghanistan,121 ,117 ,162 ,82 ,159 ,1030 ,105 ,43 ,415 ,118 ,135 ,69 ,8565 ,13623 ,23399 ,10797 ,15612 ,6659 ,7357 ,8787 ,9933 ,6167 ,8744 ,7826 
2012,Egypt,300 ,557 ,244 ,79 ,101 ,79 ,117 ,1038 ,233 ,127 ,169 ,103 ,3982 ,7229 ,3934 ,2438 ,2607 ,3839 ,6028 ,3301 ,7757 ,2399 ,5599 ,2791 
2012,Pakistan,668 ,501 ,683 ,781 ,563 ,854 ,424 ,339 ,724 ,542 ,423 ,352 ,5262 ,6107 ,5805 ,7583 ,9106 ,6932 ,5480 ,4281 ,6275 ,3726 ,2679 ,3320 
2012,Palestine,71 ,69 ,68 ,30 ,9 ,9 ,22 ,23 ,18 ,38 ,291 ,55 ,1250 ,1076 ,1303 ,1243 ,912 ,763 ,1338 ,936 ,1271 ,889 ,5215 ,1540 
2012,Belarus,105 ,74 ,20 ,63 ,151 ,22 ,92 ,39 ,138 ,146 ,83 ,120 ,105 ,69 ,127 ,161 ,86 ,110 ,38 ,228 ,223 ,129 ,112 ,101 
2012,Russia,1118 ,4717 ,3394 ,4227 ,2381 ,4746 ,3460 ,2044 ,2251 ,1374 ,1214 ,1703 ,4614 ,6600 ,8428 ,6477 ,7315 ,10886 ,5907 ,5036 ,6425 ,6783 ,5530 ,9345 
2012,Philippines,643 ,415 ,416 ,4204 ,3608 ,1718 ,2352 ,723 ,1399 ,507 ,987 ,770 ,1489 ,1736 ,1433 ,2214 ,2094 ,2429 ,1439 ,1235 ,1638 ,1702 ,1979 ,1703 
2012,Kazakhstan,109 ,60 ,59 ,68 ,104 ,304 ,89 ,71 ,45 ,33 ,75 ,161 ,102 ,196 ,182 ,91 ,148 ,113 ,241 ,106 ,161 ,190 ,227 ,100 
2012,Czech,24 ,7 ,29 ,21 ,7 ,3 ,17 ,27 ,25 ,9 ,15 ,14 ,284 ,195 ,299 ,300 ,269 ,189 ,209 ,369 ,309 ,170 ,256 ,374 
2012,Malaysia,462 ,366 ,244 ,400 ,367 ,536 ,357 ,429 ,522 ,330 ,378 ,287 ,334 ,422 ,396 ,338 ,482 ,379 ,281 ,351 ,614 ,457 ,459 ,400 
2012,Mongolia,48 ,29 ,48 ,102 ,70 ,143 ,71 ,96 ,83 ,81 ,60 ,108 ,24 ,27 ,61 ,35 ,145 ,452 ,158 ,115 ,79 ,148 ,58 ,100 
2012,Burma,328 ,356 ,310 ,251 ,421 ,240 ,168 ,238 ,502 ,204 ,406 ,236 ,1861 ,792 ,636 ,1397 ,1436 ,999 ,1765 ,502 ,3670 ,826 ,5365 ,534 
2012,Saudi Arabia,1075 ,256 ,193 ,148 ,57 ,84 ,95 ,119 ,100 ,86 ,100 ,48 ,1060 ,1261 ,1415 ,1171 ,1140 ,1341 ,936 ,831 ,1009 ,929 ,863 ,649 
2012,Sri Lanka,133 ,86 ,293 ,106 ,92 ,178 ,95 ,475 ,644 ,119 ,179 ,212 ,198 ,543 ,942 ,202 ,617 ,299 ,216 ,179 ,454 ,161 ,399 ,258 
2012,Tajikistan,148 ,14 ,45 ,80 ,115 ,381 ,13 ,40 ,32 ,61 ,41 ,34 ,17 ,20 ,84 ,36 ,89 ,18 ,158 ,72 ,59 ,138 ,99 ,51 
2012,Thailand,395 ,236 ,305 ,824 ,354 ,333 ,364 ,221 ,302 ,420 ,665 ,301 ,591 ,753 ,524 ,440 ,438 ,941 ,706 ,510 ,565 ,516 ,2021 ,544 
2012,Ukraine,53 ,24 ,72 ,68 ,53 ,70 ,171 ,70 ,92 ,23 ,50 ,64 ,511 ,710 ,949 ,827 ,673 ,408 ,378 ,514 ,667 ,597 ,606 ,633 
2012,Uzbekistan,138 ,20 ,48 ,90 ,143 ,384 ,7 ,46 ,112 ,30 ,47 ,32 ,121 ,280 ,99 ,75 ,103 ,102 ,316 ,232 ,52 ,49 ,35 ,44 
2012,Singapore,245 ,300 ,231 ,169 ,321 ,311 ,299 ,236 ,658 ,164 ,328 ,305 ,353 ,522 ,307 ,450 ,549 ,609 ,364 ,383 ,483 ,392 ,428 ,475 
2012,Syria,394 ,5330 ,3106 ,1541 ,745 ,1069 ,2123 ,1542 ,693 ,724 ,399 ,275 ,3691 ,8523 ,7102 ,4126 ,4775 ,5952 ,6359 ,6314 ,3907 ,3408 ,2926 ,5159 
2012,Yemen,22 ,46 ,35 ,118 ,23 ,12 ,33 ,72 ,51 ,47 ,48 ,30 ,1689 ,1549 ,1541 ,1057 ,2386 ,1145 ,792 ,540 ,2529 ,968 ,381 ,589 
2012,Iraq,30 ,55 ,53 ,30 ,150 ,134 ,128 ,193 ,37 ,58 ,72 ,43 ,5340 ,3896 ,4685 ,2772 ,3173 ,2678 ,2603 ,3100 ,3010 ,2342 ,3217 ,2677 
2012,Iran,1666 ,1446 ,888 ,1885 ,1278 ,1941 ,597 ,762 ,905 ,397 ,237 ,465 ,13002 ,9464 ,10312 ,6211 ,6062 ,4561 ,4672 ,6200 ,9105 ,6618 ,4546 ,4296 
2012,Israel,245 ,269 ,272 ,125 ,381 ,113 ,232 ,207 ,208 ,146 ,369 ,129 ,6569 ,8713 ,13012 ,5454 ,4650 ,4244 ,8757 ,5565 ,10749 ,5365 ,13169 ,5385 
2012,India,335 ,321 ,806 ,300 ,371 ,310 ,201 ,231 ,336 ,180 ,330 ,202 ,881 ,1001 ,1114 ,1651 ,1947 ,1570 ,1355 ,1311 ,1458 ,1168 ,1201 ,1193 
2012,Indonesia,243 ,198 ,605 ,350 ,214 ,260 ,370 ,493 ,502 ,240 ,266 ,178 ,576 ,935 ,740 ,925 ,794 ,717 ,555 ,606 ,1839 ,807 ,747 ,404 
2012,Jordan,25 ,94 ,10 ,1 ,50 ,12 ,42 ,47 ,66 ,30 ,38 ,21 ,1410 ,1153 ,933 ,1131 ,935 ,933 ,1275 ,1031 ,1249 ,1111 ,966 ,853 
2012,Vietnam,385 ,311 ,603 ,874 ,433 ,904 ,1371 ,501 ,570 ,345 ,707 ,500 ,872 ,1078 ,1089 ,1349 ,2052 ,2039 ,1490 ,1255 ,1018 ,1256 ,1453 ,1237 
2013,Afghanistan,115 ,39 ,67 ,167 ,60 ,135 ,137 ,380 ,909 ,184 ,174 ,236 ,9022 ,5632 ,9079 ,2951 ,2842 ,11387 ,8925 ,7397 ,7682 ,9715 ,12706 ,7977 
2013,Egypt,102 ,105 ,182 ,33 ,76 ,83 ,248 ,227 ,117 ,135 ,56 ,269 ,2438 ,2153 ,3549 ,1021 ,808 ,3550 ,14545 ,11996 ,3791 ,5103 ,3940 ,2129 
2013,Pakistan,320 ,786 ,519 ,243 ,1418 ,933 ,3137 ,1224 ,955 ,1037 ,660 ,692 ,4089 ,2617 ,3349 ,1215 ,2049 ,2700 ,4185 ,7424 ,6187 ,9960 ,7594 ,3621 
2013,Palestine,3 ,21 ,20 ,44 ,364 ,67 ,33 ,22 ,33 ,19 ,48 ,242 ,1240 ,1738 ,5872 ,869 ,715 ,1258 ,4008 ,2395 ,2044 ,1464 ,1926 ,2587 
2013,Belarus,124 ,7 ,27 ,6 ,16 ,82 ,901 ,78 ,235 ,148 ,67 ,101 ,121 ,130 ,84 ,18 ,48 ,102 ,109 ,106 ,296 ,224 ,262 ,150 
2013,Russia,1097 ,1626 ,4201 ,718 ,738 ,2463 ,2595 ,2847 ,5288 ,4755 ,4776 ,2233 ,6709 ,8026 ,6412 ,3571 ,4677 ,12989 ,22204 ,25776 ,39461 ,12442 ,11813 ,8477 
2013,Philippines,842 ,574 ,438 ,318 ,444 ,1351 ,1979 ,1582 ,1719 ,1231 ,2006 ,1128 ,1721 ,1288 ,1394 ,582 ,551 ,1451 ,2620 ,3706 ,3014 ,3483 ,6536 ,2509 
2013,Kazakhstan,40 ,141 ,42 ,123 ,43 ,60 ,201 ,300 ,1106 ,183 ,154 ,161 ,55 ,261 ,104 ,76 ,97 ,99 ,270 ,194 ,306 ,182 ,263 ,105 
2013,Czech,34 ,1 ,3 ,,,8 ,8 ,10 ,38 ,43 ,50 ,17 ,171 ,108 ,348 ,150 ,196 ,186 ,265 ,319 ,345 ,452 ,279 ,124 
2013,Malaysia,405 ,650 ,351 ,176 ,348 ,285 ,543 ,729 ,686 ,2186 ,668 ,479 ,344 ,370 ,592 ,161 ,188 ,502 ,700 ,918 ,1325 ,1880 ,1057 ,669 
2013,Mongolia,145 ,79 ,59 ,43 ,19 ,91 ,128 ,198 ,192 ,435 ,117 ,64 ,104 ,116 ,39 ,18 ,247 ,36 ,82 ,172 ,106 ,89 ,100 ,55 
2013,Burma,508 ,332 ,414 ,75 ,151 ,222 ,315 ,271 ,356 ,344 ,248 ,223 ,888 ,474 ,619 ,189 ,1175 ,397 ,546 ,539 ,560 ,723 ,560 ,422 
2013,Saudi Arabia,36 ,36 ,42 ,83 ,55 ,46 ,122 ,135 ,211 ,221 ,168 ,233 ,1158 ,872 ,1443 ,524 ,511 ,1196 ,2024 ,2470 ,2206 ,4392 ,3643 ,1819 
2013,Sri Lanka,100 ,67 ,327 ,46 ,296 ,99 ,145 ,221 ,489 ,244 ,312 ,122 ,357 ,436 ,771 ,167 ,86 ,157 ,311 ,434 ,672 ,476 ,610 ,229 
2013,Tajikistan,34 ,9 ,11 ,91 ,57 ,59 ,81 ,49 ,312 ,22 ,82 ,120 ,60 ,101 ,41 ,68 ,34 ,45 ,60 ,96 ,80 ,73 ,88 ,32 
2013,Thailand,318 ,228 ,351 ,102 ,174 ,308 ,315 ,697 ,805 ,1918 ,492 ,532 ,522 ,470 ,496 ,194 ,203 ,648 ,790 ,1038 ,1418 ,781 ,962 ,791 
2013,Ukraine,67 ,58 ,76 ,18 ,36 ,81 ,45 ,61 ,425 ,140 ,97 ,797 ,388 ,367 ,634 ,185 ,178 ,617 ,724 ,889 ,573 ,640 ,1296 ,2142 
2013,Uzbekistan,13 ,28 ,24 ,18 ,24 ,24 ,148 ,91 ,922 ,113 ,530 ,140 ,52 ,57 ,76 ,90 ,124 ,105 ,240 ,61 ,122 ,75 ,67 ,60 
2013,Singapore,152 ,162 ,180 ,118 ,169 ,187 ,426 ,578 ,378 ,699 ,510 ,253 ,253 ,268 ,667 ,192 ,327 ,309 ,883 ,601 ,625 ,710 ,753 ,540 
2013,Syria,221 ,239 ,147 ,37 ,160 ,157 ,248 ,714 ,2231 ,394 ,149 ,219 ,3240 ,3910 ,4795 ,2798 ,4668 ,6278 ,3763 ,17525 ,41639 ,6217 ,4012 ,3676 
2013,Yemen,62 ,39 ,66 ,15 ,2 ,35 ,30 ,51 ,76 ,24 ,336 ,27 ,748 ,719 ,581 ,251 ,559 ,575 ,1354 ,4948 ,903 ,1021 ,677 ,1034 
2013,Iraq,30 ,24 ,66 ,26 ,7 ,70 ,63 ,118 ,201 ,68 ,59 ,22 ,2415 ,2488 ,4617 ,1047 ,1107 ,2627 ,3834 ,5802 ,6271 ,4338 ,4873 ,2657 
2013,Iran,463 ,794 ,540 ,320 ,163 ,434 ,571 ,517 ,1592 ,1772 ,2859 ,945 ,4523 ,6661 ,5188 ,1634 ,1829 ,3919 ,4082 ,6375 ,22443 ,16365 ,23967 ,10295 
2013,Israel,69 ,88 ,110 ,157 ,1115 ,196 ,325 ,113 ,254 ,334 ,360 ,753 ,6176 ,6699 ,16114 ,3973 ,4026 ,5053 ,10441 ,9458 ,10912 ,9035 ,12946 ,10949 
2013,India,235 ,244 ,333 ,259 ,651 ,223 ,551 ,484 ,494 ,1450 ,524 ,382 ,1574 ,1059 ,1353 ,667 ,692 ,1438 ,2356 ,2217 ,3022 ,1883 ,1708 ,2204 
2013,Indonesia,168 ,307 ,148 ,95 ,90 ,155 ,418 ,233 ,500 ,2229 ,593 ,393 ,536 ,405 ,440 ,286 ,292 ,481 ,779 ,989 ,1334 ,2455 ,961 ,510 
2013,Jordan,3 ,22 ,19 ,,26 ,32 ,105 ,84 ,556 ,58 ,69 ,123 ,1114 ,1568 ,3409 ,854 ,540 ,2308 ,2826 ,2514 ,5328 ,2839 ,2367 ,1733 
2013,Vietnam,340 ,248 ,583 ,155 ,288 ,1045 ,774 ,621 ,653 ,1673 ,866 ,724 ,2128 ,1062 ,1670 ,172 ,339 ,1424 ,3624 ,2503 ,2922 ,2710 ,3089 ,2601 
2014,Afghanistan,202 ,444 ,274 ,244 ,412 ,141 ,580 ,171 ,264 ,2159 ,1061 ,483 ,6820 ,8902 ,6704 ,7083 ,9549 ,17174 ,8133 ,8689 ,8449 ,6375 ,7198 ,8798 
2014,Egypt,134 ,105 ,102 ,124 ,160 ,139 ,173 ,348 ,156 ,63 ,115 ,750 ,2065 ,2133 ,2425 ,3171 ,2624 ,3586 ,5041 ,3871 ,4385 ,3042 ,2351 ,3537 
2014,Pakistan,577 ,1822 ,1006 ,1019 ,1094 ,794 ,927 ,1061 ,2319 ,1272 ,2516 ,1245 ,2609 ,2936 ,2630 ,2111 ,2868 ,2732 ,2661 ,2126 ,2822 ,3311 ,3774 ,4776 
2014,Palestine,50 ,32 ,57 ,45 ,9 ,86 ,318 ,176 ,84 ,55 ,36 ,47 ,2680 ,1740 ,3466 ,3755 ,1696 ,2642 ,10393 ,6344 ,2591 ,3009 ,2755 ,3267 
2014,Belarus,149 ,33 ,61 ,87 ,52 ,61 ,34 ,25 ,149 ,106 ,51 ,42 ,103 ,247 ,155 ,159 ,221 ,189 ,149 ,196 ,323 ,169 ,184 ,163 
2014,Russia,2046 ,2231 ,3396 ,3038 ,8303 ,2920 ,3161 ,2543 ,3727 ,4801 ,4827 ,2394 ,7353 ,12326 ,38327 ,26877 ,13191 ,10701 ,20930 ,15311 ,13590 ,10005 ,12264 ,9696 
2014,Philippines,1122 ,1977 ,2345 ,2865 ,4684 ,2243 ,1090 ,1351 ,2003 ,703 ,1430 ,1117 ,1724 ,3003 ,2697 ,8362 ,4076 ,2444 ,2050 ,1956 ,2729 ,6084 ,2162 ,3197 
2014,Kazakhstan,107 ,85 ,247 ,204 ,429 ,108 ,169 ,179 ,287 ,108 ,141 ,720 ,77 ,74 ,366 ,170 ,254 ,133 ,131 ,121 ,310 ,127 ,373 ,383 
2014,Czech,16 ,46 ,28 ,289 ,38 ,161 ,136 ,218 ,49 ,362 ,96 ,173 ,290 ,261 ,556 ,405 ,278 ,213 ,318 ,198 ,329 ,301 ,475 ,267 
2014,Malaysia,704 ,1061 ,15488 ,6199 ,4729 ,2116 ,1410 ,1203 ,1074 ,1214 ,1149 ,1485 ,896 ,1121 ,8192 ,6844 ,1714 ,931 ,4680 ,1311 ,1471 ,1165 ,976 ,1253 
2014,Mongolia,188 ,73 ,197 ,480 ,203 ,101 ,115 ,1507 ,283 ,223 ,299 ,139 ,168 ,54 ,115 ,438 ,79 ,185 ,349 ,134 ,166 ,90 ,81 ,90 
2014,Burma,145 ,143 ,261 ,242 ,448 ,439 ,372 ,665 ,323 ,179 ,1102 ,321 ,303 ,465 ,353 ,634 ,386 ,500 ,673 ,963 ,368 ,850 ,4154 ,432 
2014,Saudi Arabia,129 ,92 ,420 ,121 ,156 ,163 ,110 ,97 ,248 ,167 ,159 ,167 ,1647 ,2764 ,5306 ,2247 ,2994 ,1962 ,2036 ,1528 ,5126 ,2713 ,2625 ,1777 
2014,Sri Lanka,318 ,678 ,457 ,253 ,510 ,214 ,430 ,221 ,2386 ,336 ,914 ,428 ,617 ,865 ,774 ,270 ,350 ,408 ,525 ,305 ,514 ,421 ,310 ,302 
2014,Tajikistan,38 ,61 ,218 ,225 ,153 ,109 ,224 ,330 ,1263 ,113 ,181 ,108 ,29 ,185 ,111 ,92 ,63 ,133 ,113 ,57 ,135 ,31 ,35 ,17 
2014,Thailand,388 ,518 ,970 ,438 ,395 ,498 ,417 ,526 ,494 ,539 ,735 ,1339 ,783 ,839 ,1019 ,736 ,2081 ,961 ,548 ,763 ,779 ,717 ,955 ,800 
2014,Ukraine,82 ,296 ,1299 ,483 ,638 ,257 ,199 ,202 ,220 ,122 ,297 ,166 ,1111 ,8608 ,26836 ,16733 ,6749 ,6075 ,10480 ,6050 ,6685 ,2854 ,3678 ,2621 
2014,Uzbekistan,29 ,36 ,70 ,25 ,160 ,83 ,129 ,466 ,176 ,45 ,66 ,67 ,99 ,145 ,80 ,98 ,54 ,114 ,84 ,165 ,144 ,136 ,50 ,101 
2014,Singapore,298 ,285 ,505 ,442 ,383 ,443 ,509 ,478 ,583 ,613 ,548 ,373 ,457 ,647 ,656 ,466 ,800 ,573 ,524 ,449 ,461 ,632 ,551 ,774 
2014,Syria,300 ,340 ,186 ,275 ,353 ,241 ,164 ,93 ,162 ,125 ,154 ,122 ,4475 ,5186 ,4006 ,2905 ,4704 ,4142 ,2571 ,14559 ,20317 ,10509 ,6509 ,3870 
2014,Yemen,34 ,65 ,33 ,32 ,32 ,71 ,11 ,32 ,70 ,28 ,63 ,33 ,616 ,439 ,472 ,1373 ,1388 ,752 ,351 ,661 ,1344 ,932 ,1738 ,5195 
2014,Iraq,121 ,321 ,59 ,46 ,57 ,495 ,161 ,187 ,335 ,194 ,156 ,203 ,6659 ,3085 ,2640 ,4359 ,3792 ,27820 ,9603 ,25090 ,22700 ,11525 ,11114 ,7769 
2014,Iran,774 ,1038 ,858 ,686 ,1449 ,793 ,791 ,461 ,1254 ,1109 ,1743 ,727 ,8133 ,7779 ,6424 ,8370 ,5378 ,11642 ,8033 ,5883 ,12632 ,6546 ,11807 ,7013 
2014,Israel,191 ,167 ,227 ,489 ,616 ,226 ,475 ,285 ,172 ,232 ,283 ,291 ,10267 ,8117 ,12066 ,11260 ,7806 ,7920 ,25380 ,15326 ,8706 ,12067 ,10341 ,9842 
2014,India,276 ,508 ,262 ,240 ,605 ,1071 ,427 ,417 ,3937 ,775 ,676 ,484 ,1945 ,1549 ,1481 ,1700 ,1780 ,1442 ,2389 ,2297 ,2867 ,2258 ,2656 ,2552 
2014,Indonesia,326 ,875 ,568 ,388 ,401 ,321 ,380 ,463 ,446 ,543 ,850 ,526 ,474 ,1574 ,730 ,847 ,498 ,625 ,863 ,1742 ,834 ,1408 ,1108 ,1680 
2014,Jordan,29 ,128 ,62 ,61 ,141 ,57 ,53 ,15 ,183 ,36 ,100 ,101 ,1673 ,3852 ,2271 ,1451 ,2124 ,2014 ,1624 ,2014 ,4072 ,2411 ,2724 ,2481 
2014,Vietnam,589 ,631 ,1514 ,898 ,13172 ,5192 ,2352 ,2236 ,1365 ,1894 ,1063 ,1371 ,1239 ,1729 ,2926 ,2294 ,3948 ,2146 ,2323 ,3770 ,2550 ,3256 ,3463 ,2205 
2015,Afghanistan,426 ,1095 ,484 ,626 ,738 ,372 ,0 ,0 ,0 ,0 ,0 ,0 ,4691 ,5523 ,8507 ,3885 ,4114 ,2210 ,0,0,0,0,0,0
2015,Egypt,134 ,195 ,283 ,253 ,151 ,278 ,0 ,0 ,0 ,0 ,0 ,0 ,2404 ,3908 ,3882 ,3587 ,2503 ,1896 ,0,0,0,0,0,0
2015,Pakistan,1571 ,2775 ,2154 ,9333 ,2866 ,1974 ,0 ,0 ,0 ,0 ,0 ,0 ,5546 ,3065 ,2579 ,3729 ,3412 ,1858 ,0,0,0,0,0,0
2015,Palestine,36 ,37 ,28 ,47 ,22 ,36 ,0 ,0 ,0 ,0 ,0 ,0 ,2279 ,1696 ,2724 ,1313 ,1428 ,872 ,0,0,0,0,0,0
2015,Belarus,32 ,110 ,167 ,351 ,1699 ,163 ,0 ,0 ,0 ,0 ,0 ,0 ,183 ,506 ,163 ,404 ,361 ,183 ,0,0,0,0,0,0
2015,Russia,2835 ,3284 ,4374 ,4567 ,6596 ,3279 ,0 ,0 ,0 ,0 ,0 ,0 ,10085 ,11757 ,11629 ,9794 ,9275 ,7271 ,0,0,0,0,0,0
2015,Philippines,770 ,1266 ,1323 ,2930 ,2336 ,2448 ,0 ,0 ,0 ,0 ,0 ,0 ,3725 ,2436 ,2349 ,2536 ,2502 ,1720 ,0,0,0,0,0,0
2015,Kazakhstan,194 ,104 ,416 ,215 ,748 ,126 ,0 ,0 ,0 ,0 ,0 ,0 ,134 ,297 ,360 ,327 ,201 ,302 ,0,0,0,0,0,0
2015,Czech,49 ,29 ,48 ,85 ,2 ,89 ,0 ,0 ,0 ,0 ,0 ,0 ,287 ,313 ,371 ,497 ,256 ,290 ,0,0,0,0,0,0
2015,Malaysia,1910 ,2088 ,2209 ,1165 ,1223 ,892 ,0 ,0 ,0 ,0 ,0 ,0 ,941 ,863 ,1154 ,640 ,848 ,623 ,0,0,0,0,0,0
2015,Mongolia,132 ,183 ,183 ,319 ,895 ,181 ,0 ,0 ,0 ,0 ,0 ,0 ,58 ,206 ,107 ,74 ,198 ,42 ,0,0,0,0,0,0
2015,Burma,427 ,863 ,2029 ,789 ,621 ,1574 ,0 ,0 ,0 ,0 ,0 ,0 ,510 ,279 ,586 ,472 ,837 ,562 ,0,0,0,0,0,0
2015,Saudi Arabia,308 ,132 ,320 ,404 ,178 ,136 ,0 ,0 ,0 ,0 ,0 ,0 ,8506 ,3555 ,3835 ,4507 ,5420 ,2028 ,0,0,0,0,0,0
2015,Sri Lanka,1007 ,1714 ,2651 ,794 ,397 ,275 ,0 ,0 ,0 ,0 ,0 ,0 ,1575 ,1095 ,435 ,518 ,852 ,181 ,0,0,0,0,0,0
2015,Tajikistan,81 ,90 ,65 ,62 ,138 ,179 ,0 ,0 ,0 ,0 ,0 ,0 ,49 ,42 ,35 ,69 ,74 ,156 ,0,0,0,0,0,0
2015,Thailand,466 ,1141 ,871 ,1065 ,753 ,374 ,0 ,0 ,0 ,0 ,0 ,0 ,954 ,806 ,799 ,792 ,1169 ,484 ,0,0,0,0,0,0
2015,Ukraine,169 ,225 ,130 ,118 ,128 ,70 ,0 ,0 ,0 ,0 ,0 ,0 ,2973 ,9557 ,4242 ,2767 ,2330 ,1896 ,0,0,0,0,0,0
2015,Uzbekistan,29 ,25 ,139 ,85 ,91 ,135 ,0 ,0 ,0 ,0 ,0 ,0 ,103 ,276 ,231 ,199 ,108 ,71 ,0,0,0,0,0,0
2015,Singapore,347 ,505 ,1483 ,681 ,906 ,529 ,0 ,0 ,0 ,0 ,0 ,0 ,640 ,547 ,1016 ,645 ,605 ,545 ,0,0,0,0,0,0
2015,Syria,95 ,120 ,148 ,211 ,124 ,119 ,0 ,0 ,0 ,0 ,0 ,0 ,4379 ,7377 ,5317 ,2987 ,4683 ,2978 ,0,0,0,0,0,0
2015,Yemen,50 ,58 ,549 ,1032 ,100 ,54 ,0 ,0 ,0 ,0 ,0 ,0 ,3850 ,2005 ,2354 ,4056 ,1846 ,1470 ,0,0,0,0,0,0
2015,Iraq,78 ,144 ,197 ,101 ,99 ,136 ,0 ,0 ,0 ,0 ,0 ,0 ,6271 ,9762 ,8675 ,7648 ,11249 ,7903 ,0,0,0,0,0,0
2015,Iran,679 ,1240 ,2349 ,2372 ,1086 ,987 ,0 ,0 ,0 ,0 ,0 ,0 ,10029 ,11396 ,23983 ,20890 ,11043 ,5481 ,0,0,0,0,0,0
2015,Israel,270 ,250 ,387 ,261 ,252 ,161 ,0 ,0 ,0 ,0 ,0 ,0 ,11963 ,14448 ,26175 ,9480 ,7366 ,5895 ,0,0,0,0,0,0
2015,India,525 ,988 ,785 ,639 ,2215 ,678 ,0 ,0 ,0 ,0 ,0 ,0 ,5850 ,2031 ,1632 ,1532 ,1343 ,1093 ,0,0,0,0,0,0
2015,Indonesia,611 ,564 ,1304 ,1461 ,933 ,325 ,0 ,0 ,0 ,0 ,0 ,0 ,1908 ,799 ,1175 ,1281 ,1090 ,625 ,0,0,0,0,0,0
2015,Jordan,72 ,95 ,60 ,107 ,128 ,52 ,0 ,0 ,0 ,0 ,0 ,0 ,2208 ,6730 ,2034 ,2668 ,1946 ,1325 ,0,0,0,0,0,0
2015,Vietnam,865 ,681 ,1027 ,1968 ,1644 ,1271 ,0 ,0 ,0 ,0 ,0 ,0 ,2150 ,1869 ,3187 ,4388 ,4164 ,2536 ,0,0,0,0,0,0
